{"cameraMode":{"drawMode":0,"name":"Shaded","section":"Shading Mode"},"sceneLighting":true,"audioPlay":false,"sceneViewState":{"showFog":true,"showMaterialUpdate":false,"showSkybox":true,"showFlares":true,"showImageEffects":true,"showParticleSystems":true},"in2DMode":false,"pivot":{"x":42.63436508178711,"y":-30.452716827392579,"z":43.424800872802737},"rotation":{"x":-0.29964107275009158,"y":0.05348395183682442,"z":-0.016826380044221879,"w":-0.9524031281471252},"size":132.35972595214845,"orthographic":false}