{"cameraMode":{"drawMode":0,"name":"Shaded","section":"Shading Mode"},"sceneLighting":false,"audioPlay":false,"sceneViewState":{"showFog":true,"showMaterialUpdate":false,"showSkybox":true,"showFlares":true,"showImageEffects":true,"showParticleSystems":true},"in2DMode":false,"pivot":{"x":-0.09649401903152466,"y":0.21291574835777284,"z":-0.06302273273468018},"rotation":{"x":0.23866945505142213,"y":0.6827835440635681,"z":-0.2537407875061035,"w":0.6422299146652222},"size":2.72304368019104,"orthographic":false}